model,regulariser,fair_factor,adcg_factor,dataset,AUCROC_mean,AUCROC_std,SP_mean,SP_std,EO_mean,EO_std,AUPRC_mean,AUPRC_std,nan_trials,AUCROC,SP,EO,AUPRC
DOMINANT,none,0.0,0,our_reddit,0.6080658332400696,0.0008326829951200322,0.13226454388364897,0.0013996729436982905,0.055802533327556046,0.0018963807558705008,0.2003293749312102,0.0005850361010496193,0,0.6081±0.0008,0.1323±0.0014,0.0558±0.0019,0.2003±0.0006
CONAD,none,0.0,0,our_reddit,0.6082478099051982,0.0008855355253397009,0.13249346605227158,0.0011174877741708218,0.0562199402053815,0.0020116804033240483,0.2002803683337658,0.0005906101548324289,0,0.6082±0.0009,0.1325±0.0011,0.0562±0.0020,0.2003±0.0006
COLA,none,0.0,0,our_reddit,0.4497158098224512,0.013865682287553957,0.05337778097775218,0.018237345087782814,0.035380287996302565,0.024047336346614313,0.18473485057571482,0.014063592860163952,0,0.4497±0.0139,0.0534±0.0182,0.0354±0.0240,0.1847±0.0141
ADONE,none,0.0,0,our_reddit,0.5542002621423013,0.010620557864856705,0.07827383180934552,0.012583236291991545,0.01915341508153156,0.008189631957119567,0.1894204858656375,0.007116206495649002,0,0.5542±0.0106,0.0783±0.0126,0.0192±0.0082,0.1894±0.0071
DONE,none,0.0,0,our_reddit,0.552375020849081,0.00778626118388905,0.07312929296565626,0.007391704732422532,0.014594436500714944,0.007002872051592299,0.18730579494776053,0.0045390994583289525,0,0.5524±0.0078,0.0731±0.0074,0.0146±0.0070,0.1873±0.0045
ONE,none,0.0,0,our_reddit,0.4962902008583373,0.006716646757829978,0.008788429692562463,0.006687793712944617,0.013890333203345026,0.008805923018414263,0.13543735082879219,0.0031827460643531927,0,0.4963±0.0067,0.0088±0.0067,0.0139±0.0088,0.1354±0.0032
VGOD,none,0.0,0,our_reddit,0.7204837839374785,0.009124388629398702,0.4266934264525884,0.059666218451310024,0.47154953276427347,0.06417005316391747,0.39342520758506067,0.0245449381671742,0,0.7205±0.0091,0.4267±0.0597,0.4715±0.0642,0.3934±0.0245
DOMINANT,hin,0.0001,0,our_reddit,0.6080662703458684,0.0008329393222854416,0.13226454388364897,0.0013996729436982905,0.055802533327556046,0.0018963807558705008,0.20032965965241764,0.0005851470508333671,0,0.6081±0.0008,0.1323±0.0014,0.0558±0.0019,0.2003±0.0006
CONAD,hin,0.0001,0,our_reddit,0.6082491298781547,0.0008838604648211743,0.13249346605227158,0.001110032887691596,0.0562199402053815,0.0020116804033240483,0.20028093788303242,0.0005900541978501103,0,0.6082±0.0009,0.1325±0.0011,0.0562±0.0020,0.2003±0.0006
COLA,hin,0.0001,0,our_reddit,0.4497193650938735,0.013867575751054276,0.05337778097775218,0.018237345087782814,0.035380287996302565,0.024047336346614313,0.18473555881459888,0.014063939432905273,0,0.4497±0.0139,0.0534±0.0182,0.0354±0.0240,0.1847±0.0141
ADONE,hin,0.0001,0,our_reddit,0.5542002621423013,0.010620557864856705,0.07827383180934552,0.012583236291991545,0.01915341508153156,0.008189631957119567,0.1894204858656375,0.007116206495649002,0,0.5542±0.0106,0.0783±0.0126,0.0192±0.0082,0.1894±0.0071
DONE,hin,0.0001,0,our_reddit,0.552375020849081,0.00778626118388905,0.07312929296565626,0.007391704732422532,0.014594436500714944,0.007002872051592299,0.18730579494776053,0.0045390994583289525,0,0.5524±0.0078,0.0731±0.0074,0.0146±0.0070,0.1873±0.0045
ONE,hin,0.0001,0,our_reddit,0.4962902008583373,0.006716646757829978,0.008788429692562463,0.006687793712944617,0.013890333203345026,0.008805923018414263,0.13543735082879219,0.0031827460643531927,0,0.4963±0.0067,0.0088±0.0067,0.0139±0.0088,0.1354±0.0032
VGOD,hin,0.0001,0,our_reddit,0.7206100447604993,0.009077441197446376,0.42825140398876804,0.058037239878102116,0.4731079480624521,0.06216733628217809,0.393787906614404,0.02423034112536807,0,0.7206±0.0091,0.4283±0.0580,0.4731±0.0622,0.3938±0.0242
DOMINANT,fairod,0.0001,0,our_reddit,0.5990290322209293,0.002024726228074467,0.1187782057743538,0.0029341730731855344,0.04769667952106532,0.002397207281913081,0.18963819933561177,0.0017807725265853067,0,0.5990±0.0020,0.1188±0.0029,0.0477±0.0024,0.1896±0.0018
CONAD,fairod,0.0001,0,our_reddit,0.5980188915395099,0.0023843283375025366,0.1178296313629491,0.003351100413807618,0.048214105174978684,0.0018009584891446584,0.18877530893265285,0.001997025782803155,0,0.5980±0.0024,0.1178±0.0034,0.0482±0.0018,0.1888±0.0020
COLA,fairod,0.0001,0,our_reddit,0.48558397377988405,0.13415011926998777,0.18169585643314853,0.12263515737586228,0.1041960945737106,0.1066196957205273,0.1996061044560639,0.10648175380231806,0,0.4856±0.1342,0.1817±0.1226,0.1042±0.1066,0.1996±0.1065
ADONE,fairod,0.0001,0,our_reddit,0.5389682329682159,0.0036979070844216097,0.07250613795089637,0.02744027439944251,0.01955637881479556,0.01466213525846258,0.1804086877110936,0.0032388207934537913,0,0.5390±0.0037,0.0725±0.0274,0.0196±0.0147,0.1804±0.0032
DONE,fairod,0.0001,0,our_reddit,0.541188803998038,0.005562587995209555,0.0957779537763698,0.04229491868710241,0.03347957017201786,0.027176644717284013,0.18179944254025313,0.00570891352894712,0,0.5412±0.0056,0.0958±0.0423,0.0335±0.0272,0.1818±0.0057
ONE,fairod,0.0001,0,our_reddit,0.4961283397155108,0.006647856405581875,0.009430862553099575,0.006635041519776871,0.013865418778976558,0.009140233375007993,0.1353742809179152,0.0032097884932142415,0,0.4961±0.0066,0.0094±0.0066,0.0139±0.0091,0.1354±0.0032
VGOD,fairod,0.0001,0,our_reddit,0.7205422327727733,0.009425698982391234,0.4267824537403701,0.05960368605992333,0.4711743720842902,0.06392616973667024,0.39360256770894086,0.024768845951088858,0,0.7205±0.0094,0.4268±0.0596,0.4712±0.0639,0.3936±0.0248
DOMINANT,correlation,0.0001,0,our_reddit,0.6080657358650156,0.0008327775337402092,0.13226454388364897,0.0013996729436982905,0.055802533327556046,0.0018963807558705008,0.20032928253262652,0.0005851713202354861,0,0.6081±0.0008,0.1323±0.0014,0.0558±0.0019,0.2003±0.0006
CONAD,correlation,0.0001,0,our_reddit,0.6082490844364628,0.0008837746727687777,0.13249346605227158,0.0011174877741708218,0.0562199402053815,0.0020116804033240483,0.20028083968686997,0.0005899008015888959,0,0.6082±0.0009,0.1325±0.0011,0.0562±0.0020,0.2003±0.0006
COLA,correlation,0.0001,0,our_reddit,0.4775915613306608,0.016175777467679214,0.03932876736986104,0.025088867215119555,0.06402357121192426,0.04805176573521738,0.16157923735533472,0.022661874223126172,0,0.4776±0.0162,0.0393±0.0251,0.0640±0.0481,0.1616±0.0227
ADONE,correlation,0.0001,0,our_reddit,0.5542083074856662,0.010587518330910166,0.07831634746922025,0.012783049422954806,0.019210104423935188,0.00836282606254965,0.1894039127171155,0.00704103472640042,0,0.5542±0.0106,0.0783±0.0128,0.0192±0.0084,0.1894±0.0070
DONE,correlation,0.0001,0,our_reddit,0.5523725691616059,0.007763559440861925,0.07314092087263302,0.007312678372321734,0.014537747158311316,0.006824311640473485,0.18732251823987384,0.004559574706671854,0,0.5524±0.0078,0.0731±0.0073,0.0145±0.0068,0.1873±0.0046
ONE,correlation,0.0001,0,our_reddit,0.4962901986944471,0.006716659260961647,0.008788429692562463,0.006687793712944617,0.013890333203345026,0.008805923018414263,0.1354373499228534,0.0031827485543237696,0,0.4963±0.0067,0.0088±0.0067,0.0139±0.0088,0.1354±0.0032
VGOD,correlation,0.0001,0,our_reddit,0.7050228692888341,0.06656138725000622,0.40350181798545615,0.10906859252161454,0.4466921588168177,0.11854351800832262,0.3793043483811651,0.06276704253057296,0,0.7050±0.0666,0.4035±0.1091,0.4467±0.1185,0.3793±0.0628
DOMINANT,hin,0.0001,10,our_reddit,0.5959335658043737,0.0035659009388153574,0.11785274317805458,0.0028691937619532877,0.049342836922454746,0.001833113444051937,0.18770544982123144,0.0027435948264463573,0,0.5959±0.0036,0.1179±0.0029,0.0493±0.0018,0.1877±0.0027
CONAD,hin,0.0001,10,our_reddit,0.5921417357531856,0.003969259257638263,0.11475064799481605,0.0025487726952539776,0.047956656123171126,0.0028960295551141144,0.18526770570319656,0.002938707882707539,0,0.5921±0.0040,0.1148±0.0025,0.0480±0.0029,0.1853±0.0029
COLA,hin,0.0001,10,our_reddit,0.4366160260123825,0.01976814511910331,0.040768719850241185,0.016789537810393856,0.04713592443346765,0.035804346272224716,0.18138567464259453,0.013798977681389959,0,0.4366±0.0198,0.0408±0.0168,0.0471±0.0358,0.1814±0.0138
ADONE,hin,0.0001,10,our_reddit,0.5551043808647373,0.012860013387801362,0.07713573691410468,0.013249077630725865,0.017715600040440815,0.009191679858361532,0.18830938445330606,0.00803992434838408,0,0.5551±0.0129,0.0771±0.0132,0.0177±0.0092,0.1883±0.0080
DONE,hin,0.0001,10,our_reddit,0.5510940996170174,0.010509714836501637,0.07148538411692705,0.006027086234146944,0.014160420006643854,0.007014654923545008,0.18600801695880287,0.0070100391675881725,0,0.5511±0.0105,0.0715±0.0060,0.0142±0.0070,0.1860±0.0070
ONE,hin,0.0001,10,our_reddit,0.49718850953587407,0.007716243679940191,0.009570433436532506,0.004804895578178384,0.019079755044268232,0.009795743898499295,0.13620400869894786,0.004107124574526647,0,0.4972±0.0077,0.0096±0.0048,0.0191±0.0098,0.1362±0.0041
VGOD,hin,0.0001,10,our_reddit,0.6875736620645919,0.07691660845080778,0.23541226870185042,0.07269937831032762,0.3293838554530092,0.10787234610748306,0.26800306589181216,0.05117824001070467,0,0.6876±0.0769,0.2354±0.0727,0.3294±0.1079,0.2680±0.0512
